{"stats":{"minecraft:picked_up":{"minecraft:birch_log":7,"minecraft:leather":1,"minecraft:decorated_pot":2,"minecraft:beef":3,"minecraft:oak_log":3},"minecraft:mined":{"minecraft:oak_log":3,"minecraft:decorated_pot":2,"minecraft:birch_log":7},"minecraft:custom":{"minecraft:time_since_rest":6177,"minecraft:crouch_one_cm":54,"minecraft:play_time":6177,"minecraft:sprint_one_cm":15520,"minecraft:walk_one_cm":15711,"minecraft:sneak_time":19,"minecraft:mob_kills":1,"minecraft:jump":94,"minecraft:damage_dealt":100,"minecraft:leave_game":3,"minecraft:time_since_death":6177,"minecraft:total_world_time":6177,"minecraft:interact_with_crafting_table":2,"minecraft:fall_one_cm":418,"minecraft:fly_one_cm":40456},"minecraft:crafted":{"minecraft:oak_planks":12,"minecraft:birch_planks":28,"minecraft:crafting_table":2,"minecraft:stick":4,"minecraft:wooden_pickaxe":1,"minecraft:wooden_axe":1},"minecraft:used":{"minecraft:wooden_axe":14,"minecraft:crafting_table":2,"simplyswords:netherite_spear":1,"minecraft:decorated_pot":2,"another_furniture:blue_sofa":2},"minecraft:killed":{"minecraft:cow":1}},"DataVersion":3465}