{"stats":{"minecraft:killed":{"graveyard:corrupted_vindicator":6,"minecraft:spider":3,"graveyard:wraith":7,"minecraft:skeleton":3,"graveyard:acolyte":1,"friendsandfoes:mauler":1,"minecraft:chicken":6,"adventurez:orc":3,"minecraft:husk":3,"minecraft:pig":2,"graveyard:ghoul":1,"minecraft:hoglin":17,"minecraft:sheep":6,"minecraft:zombie":8,"minecraft:wither_skeleton":13,"graveyard:corrupted_pillager":3,"minecraft:cow":7},"minecraft:broken":{"minecraft:wooden_pickaxe":1,"minecraft:stone_pickaxe":6,"minecraft:stone_axe":1},"minecraft:custom":{"minecraft:mob_kills":92,"minecraft:interact_with_anvil":1,"minecraft:interact_with_crafting_table":45,"minecraft:open_barrel":20,"minecraft:leave_game":22,"minecraft:time_since_death":11002,"minecraft:climb_one_cm":18674,"minecraft:sprint_one_cm":429106,"minecraft:walk_one_cm":871235,"minecraft:damage_blocked_by_shield":35,"minecraft:drop":62,"minecraft:play_noteblock":1,"minecraft:talked_to_villager":2,"minecraft:play_time":271189,"minecraft:deaths":2,"minecraft:sneak_time":9077,"minecraft:walk_under_water_one_cm":2211,"minecraft:jump":3924,"minecraft:interact_with_brewingstand":2,"minecraft:walk_on_water_one_cm":32196,"minecraft:total_world_time":271189,"minecraft:interact_with_furnace":49,"minecraft:tune_noteblock":17,"minecraft:interact_with_loom":3,"minecraft:sleep_in_bed":10,"minecraft:time_since_rest":11135,"minecraft:damage_taken":4395,"minecraft:damage_dealt":22100,"minecraft:swim_one_cm":10207,"minecraft:fly_one_cm":678525,"minecraft:open_chest":113,"minecraft:crouch_one_cm":19182,"minecraft:interact_with_smoker":4,"minecraft:fall_one_cm":69175},"minecraft:picked_up":{"minecraft:wooden_axe":1,"minecraft:iron_chestplate":1,"minecraft:crafting_table":8,"minecraft:splash_potion":2,"minecraft:wheat":1,"minecraft:leather_leggings":1,"minecraft:chicken":6,"minecraft:flower_pot":2,"graveyard:dark_iron_ingot":3,"minecraft:brown_mushroom":2,"minecraft:gold_block":4,"minecraft:enchanted_book":5,"minecraft:wither_rose":3,"minecraft:potion":2,"minecraft:shield":3,"minecraft:iron_axe":1,"minecraft:string":18,"minecraft:iron_leggings":1,"minecraft:red_candle":3,"minecraft:oak_sign":5,"graveyard:corruption":17,"minecraft:cracked_stone_bricks":4,"minecraft:deepslate_tiles":3,"minecraft:gold_nugget":44,"minecraft:cobbled_deepslate":15,"minecraft:bucket":1,"minecraft:spruce_planks":12,"minecraft:beef":13,"minecraft:spruce_slab":2,"minecraft:iron_pickaxe":2,"minecraft:light_gray_wool":3,"minecraft:spruce_trapdoor":1,"minecraft:iron_boots":1,"minecraft:egg":3,"minecraft:raw_iron":15,"minecraft:stick":2,"simplyswords:diamond_cutlass":1,"minecraft:copper_ingot":18,"minecraft:oak_fence":4,"minecraft:torch":48,"minecraft:acacia_log":54,"minecraft:porkchop":10,"minecraft:cherry_log":39,"minecraft:carrot":272,"minecraft:arrow":2,"minecraft:rotten_flesh":61,"minecraft:stone_sword":1,"minecraft:decorated_pot":2,"minecraft:diamond_boots":1,"minecraft:hay_block":25,"adventurez:orc_skin":4,"minecraft:gold_ingot":20,"minecraft:totem_of_undying":2,"minecraft:bone_block":55,"minecraft:mutton":7,"minecraft:glow_berries":1,"minecraft:skeleton_skull":1,"minecraft:white_wool":13,"minecraft:cobblestone":309,"minecraft:birch_log":8,"graveyard:skull_pile":1,"minecraft:feather":5,"minecraft:oxidized_copper":1,"minecraft:andesite":47,"minecraft:leather":10,"minecraft:potato":337,"minecraft:oak_log":52,"graveyard:dark_iron_door":1,"minecraft:yellow_bed":4,"minecraft:gunpowder":16,"minecraft:wither_skeleton_skull":2,"minecraft:dirt":27,"minecraft:smooth_sandstone":1,"minecraft:bone":116,"minecraft:acacia_planks":20,"minecraft:stone_bricks":4,"minecraft:wheat_seeds":14,"minecraft:raw_gold":11,"minecraft:iron_ingot":10,"minecraft:stone_pickaxe":1,"minecraft:cobweb":6,"minecraft:stripped_oak_wood":2,"minecraft:oak_planks":85,"minecraft:moss_block":2,"minecraft:iron_sword":1,"minecraft:polished_andesite_slab":1,"minecraft:acacia_sapling":15,"minecraft:stone_hoe":1,"minecraft:book":5,"graveyard:pedestal":1,"minecraft:stripped_acacia_wood":1,"minecraft:poisonous_potato":8,"minecraft:gravel":6,"minecraft:amethyst_shard":4,"minecraft:mossy_cobblestone":1,"minecraft:dark_prismarine":20,"minecraft:oak_wood":1,"minecraft:diamond":32,"minecraft:stone_axe":2,"minecraft:iron_helmet":3,"minecraft:granite":5,"minecraft:cherry_sapling":5,"minecraft:bone_meal":1,"minecraft:bread":1,"minecraft:dark_oak_wood":1,"minecraft:andesite_slab":1,"minecraft:coal":114,"minecraft:ender_pearl":5},"minecraft:dropped":{"minecraft:stone_hoe":1,"minecraft:bread":21,"minecraft:iron_sword":1,"minecraft:brown_mushroom":2,"minecraft:moss_block":2,"minecraft:wheat_seeds":3,"minecraft:baked_potato":29,"minecraft:crafting_table":1,"minecraft:poisonous_potato":8,"minecraft:iron_helmet":1,"minecraft:glow_berries":1,"minecraft:cracked_stone_bricks":3,"minecraft:acacia_log":12,"minecraft:coal":5,"minecraft:cobweb":6,"minecraft:dirt":10,"minecraft:torch":2,"minecraft:bone_block":3,"minecraft:bone_meal":2,"minecraft:bucket":1,"minecraft:string":1,"minecraft:acacia_planks":8,"minecraft:oxidized_copper":1,"minecraft:white_wool":3,"minecraft:stone_axe":1,"minecraft:wheat":1,"minecraft:rotten_flesh":40,"minecraft:iron_boots":1,"minecraft:oak_planks":1,"minecraft:potato":1,"minecraft:shield":1,"minecraft:deepslate_tiles":3,"minecraft:stone":1,"minecraft:flower_pot":2,"minecraft:diamond_chestplate":1,"minecraft:spruce_trapdoor":1,"minecraft:andesite":46,"minecraft:stone_bricks":1,"simplyswords:netherite_spear":1,"minecraft:egg":1},"minecraft:crafted":{"minecraft:cherry_planks":156,"minecraft:oak_planks":148,"minecraft:furnace":5,"minecraft:bone_meal":399,"minecraft:iron_boots":1,"minecraft:iron_axe":1,"minecraft:stone_pickaxe":8,"minecraft:chest":4,"minecraft:dark_oak_planks":4,"minecraft:stone_hoe":1,"minecraft:wheat":225,"minecraft:crafting_table":6,"minecraft:wooden_pickaxe":1,"minecraft:baked_potato":97,"minecraft:iron_sword":1,"immersive_melodies:lute":1,"minecraft:bucket":2,"minecraft:birch_planks":28,"minecraft:stone_axe":2,"minecraft:bread":76,"minecraft:air":0,"minecraft:light_gray_bed":1,"minecraft:iron_chestplate":1,"minecraft:shield":1,"minecraft:stick":44,"minecraft:iron_ingot":12,"minecraft:iron_pickaxe":1,"minecraft:wooden_axe":1,"minecraft:stone_sword":1,"minecraft:torch":48},"minecraft:used":{"minecraft:stone_sword":101,"minecraft:decorated_pot":2,"minecraft:chest":3,"minecraft:shield":1,"minecraft:iron_sword":119,"minecraft:stone_hoe":54,"minecraft:torch":45,"minecraft:dirt":2,"minecraft:carrot":112,"minecraft:wooden_axe":18,"minecraft:iron_axe":226,"simplyswords:netherite_spear":34,"simplyswords:diamond_cutlass":604,"minecraft:stone_bricks":3,"minecraft:furnace":5,"minecraft:egg":2,"minecraft:potato":86,"minecraft:light_gray_bed":1,"minecraft:water_bucket":6,"minecraft:stone_pickaxe":918,"minecraft:baked_potato":4,"minecraft:oak_planks":76,"minecraft:wooden_pickaxe":59,"minecraft:white_wool":2,"minecraft:crafting_table":13,"minecraft:dark_prismarine":16,"minecraft:bread":63,"minecraft:iron_pickaxe":129,"another_furniture:blue_sofa":2,"minecraft:stone_axe":182,"minecraft:cobblestone":151,"minecraft:bucket":7,"minecraft:yellow_bed":2,"minecraft:bone_meal":398},"minecraft:killed_by":{"minecraft:wither_skeleton":1,"graveyard:wraith":1},"minecraft:mined":{"minecraft:deepslate_tiles":4,"minecraft:dark_prismarine":13,"minecraft:spruce_planks":8,"graveyard:pedestal":1,"minecraft:mossy_cobblestone":2,"minecraft:potted_wither_rose":2,"minecraft:candle":1,"minecraft:cherry_log":39,"minecraft:cave_vines_plant":1,"minecraft:granite":6,"minecraft:cobbled_deepslate_slab":1,"minecraft:acacia_log":53,"minecraft:grass_block":20,"minecraft:decorated_pot":2,"graveyard:dark_iron_door":1,"minecraft:deepslate_bricks":1,"minecraft:polished_andesite_slab":5,"minecraft:spawner":4,"minecraft:hay_block":25,"minecraft:smooth_stone":1,"minecraft:carrots":76,"minecraft:iron_ore":14,"graveyard:leaning_wither_skeleton":1,"minecraft:andesite":54,"minecraft:potatoes":103,"minecraft:deepslate_iron_ore":6,"minecraft:polished_deepslate_slab":1,"minecraft:dirt_path":1,"minecraft:stone":230,"minecraft:bone_block":58,"minecraft:white_wool":3,"minecraft:spruce_slab":2,"minecraft:tripwire":1,"minecraft:acacia_leaves":7,"graveyard:light_gray_urn":1,"minecraft:potted_brown_mushroom":2,"graveyard:dark_iron_trapdoor":1,"minecraft:polished_deepslate_stairs":1,"minecraft:stone_brick_slab":2,"graveyard:small_light_gray_urn":3,"minecraft:oak_fence":4,"minecraft:smooth_sandstone":1,"minecraft:crafting_table":7,"minecraft:torch":5,"minecraft:dark_oak_wood":1,"minecraft:oak_wood":4,"minecraft:oxidized_copper":1,"minecraft:potted_warped_roots":1,"minecraft:andesite_slab":5,"minecraft:cobblestone":5,"minecraft:tall_grass":46,"graveyard:skeleton_hand":4,"graveyard:lying_skeleton":4,"minecraft:oak_planks":6,"minecraft:wall_torch":5,"minecraft:skeleton_skull":1,"graveyard:oak_coffin":1,"graveyard:vase_block":32,"graveyard:skull_with_rib_cage":2,"minecraft:birch_log":7,"minecraft:wheat":1,"minecraft:birch_leaves":2,"graveyard:skull_pile":2,"minecraft:yellow_bed":3,"minecraft:grass":100,"graveyard:creeper_skeleton":2,"minecraft:coal_ore":77,"minecraft:oak_log":52,"minecraft:cherry_leaves":3,"minecraft:gravel":6,"minecraft:flower_pot":1,"graveyard:leaning_skeleton":6,"minecraft:dirt":17,"minecraft:cobweb":32,"minecraft:cracked_stone_bricks":5,"minecraft:stripped_acacia_wood":1,"minecraft:spruce_fence_gate":1,"minecraft:stone_bricks":5,"minecraft:oak_leaves":5,"minecraft:deepslate":9,"minecraft:fern":1}},"DataVersion":3465}