{"stats":{"minecraft:picked_up":{"minecraft:birch_log":7,"minecraft:feather":2,"minecraft:chicken":3,"minecraft:decorated_pot":2,"minecraft:leather":1,"minecraft:beef":3,"minecraft:oak_log":3,"minecraft:cobblestone":1},"minecraft:mined":{"minecraft:oak_log":3,"minecraft:decorated_pot":2,"minecraft:cobblestone":1,"minecraft:birch_log":7,"minecraft:tall_grass":1},"minecraft:custom":{"minecraft:time_since_rest":8539,"minecraft:crouch_one_cm":184,"minecraft:play_time":8539,"minecraft:sprint_one_cm":25463,"minecraft:walk_one_cm":26890,"minecraft:sneak_time":43,"minecraft:mob_kills":4,"minecraft:jump":151,"minecraft:damage_dealt":220,"minecraft:leave_game":4,"minecraft:time_since_death":8539,"minecraft:climb_one_cm":1544,"minecraft:total_world_time":8539,"minecraft:interact_with_crafting_table":2,"minecraft:fall_one_cm":1103,"minecraft:fly_one_cm":54514},"minecraft:crafted":{"minecraft:oak_planks":12,"minecraft:birch_planks":28,"minecraft:crafting_table":2,"minecraft:stick":4,"minecraft:wooden_pickaxe":1,"minecraft:wooden_axe":1},"minecraft:used":{"minecraft:wooden_axe":14,"minecraft:cobblestone":1,"minecraft:crafting_table":2,"simplyswords:netherite_spear":6,"minecraft:decorated_pot":2,"minecraft:wooden_pickaxe":2,"another_furniture:blue_sofa":2},"minecraft:killed":{"minecraft:chicken":3,"minecraft:cow":1}},"DataVersion":3465}