{"stats":{"minecraft:picked_up":{"minecraft:birch_log":7,"minecraft:decorated_pot":2,"minecraft:oak_log":3},"minecraft:used":{"minecraft:wooden_axe":14,"minecraft:crafting_table":2,"minecraft:decorated_pot":2,"another_furniture:blue_sofa":2},"minecraft:mined":{"minecraft:oak_log":3,"minecraft:decorated_pot":2,"minecraft:birch_log":7},"minecraft:crafted":{"minecraft:oak_planks":12,"minecraft:birch_planks":28,"minecraft:crafting_table":2,"minecraft:stick":4,"minecraft:wooden_pickaxe":1,"minecraft:wooden_axe":1},"minecraft:custom":{"minecraft:time_since_rest":4932,"minecraft:crouch_one_cm":54,"minecraft:play_time":4932,"minecraft:sprint_one_cm":10846,"minecraft:walk_one_cm":12718,"minecraft:sneak_time":19,"minecraft:jump":69,"minecraft:damage_dealt":65,"minecraft:leave_game":2,"minecraft:time_since_death":4932,"minecraft:total_world_time":4932,"minecraft:interact_with_crafting_table":2,"minecraft:fall_one_cm":418,"minecraft:fly_one_cm":27602}},"DataVersion":3465}