{"stats":{"minecraft:dropped":{"simplyswords:netherite_spear":1},"minecraft:picked_up":{"minecraft:birch_log":7,"minecraft:crafting_table":4,"minecraft:feather":3,"minecraft:chicken":5,"minecraft:leather":1,"minecraft:potato":3,"minecraft:oak_log":3,"minecraft:yellow_bed":1,"minecraft:string":1,"minecraft:dirt":14,"minecraft:smooth_sandstone":1,"minecraft:bone":1,"minecraft:stone_bricks":1,"minecraft:wheat_seeds":10,"minecraft:beef":3,"minecraft:light_gray_wool":3,"minecraft:acacia_sapling":15,"minecraft:egg":2,"minecraft:stick":2,"minecraft:raw_iron":1,"minecraft:acacia_log":42,"minecraft:porkchop":1,"minecraft:carrot":3,"minecraft:oak_wood":1,"minecraft:arrow":2,"minecraft:rotten_flesh":1,"minecraft:decorated_pot":2,"minecraft:hay_block":25,"minecraft:mutton":4,"minecraft:coal":39,"minecraft:cobblestone":54},"minecraft:mined":{"minecraft:acacia_leaves":7,"minecraft:smooth_sandstone":1,"minecraft:crafting_table":4,"minecraft:acacia_log":41,"minecraft:oak_wood":1,"minecraft:grass_block":4,"minecraft:decorated_pot":2,"minecraft:tall_grass":25,"minecraft:cobblestone":1,"minecraft:spawner":1,"minecraft:hay_block":25,"minecraft:carrots":1,"minecraft:birch_log":7,"minecraft:iron_ore":1,"minecraft:yellow_bed":1,"minecraft:grass":80,"minecraft:oak_log":3,"minecraft:potatoes":1,"minecraft:coal_ore":39,"minecraft:dirt":11,"minecraft:cobweb":1,"minecraft:stone":53,"minecraft:stone_bricks":1},"minecraft:custom":{"minecraft:interact_with_furnace":1,"minecraft:mob_kills":12,"minecraft:tune_noteblock":17,"minecraft:interact_with_crafting_table":9,"minecraft:leave_game":9,"minecraft:time_since_death":54309,"minecraft:sleep_in_bed":2,"minecraft:climb_one_cm":2402,"minecraft:time_since_rest":21518,"minecraft:sprint_one_cm":92002,"minecraft:damage_taken":275,"minecraft:walk_one_cm":162774,"minecraft:drop":1,"minecraft:damage_dealt":851,"minecraft:play_noteblock":1,"minecraft:fly_one_cm":191168,"minecraft:open_chest":10,"minecraft:crouch_one_cm":3614,"minecraft:play_time":54309,"minecraft:sneak_time":1104,"minecraft:jump":795,"minecraft:total_world_time":54309,"minecraft:fall_one_cm":15692},"minecraft:broken":{"minecraft:stone_pickaxe":1,"minecraft:wooden_pickaxe":1},"minecraft:crafted":{"minecraft:oak_planks":12,"minecraft:crafting_table":4,"minecraft:wooden_pickaxe":1,"minecraft:birch_planks":28,"minecraft:stone_axe":1,"minecraft:bread":75,"minecraft:light_gray_bed":1,"minecraft:stick":12,"minecraft:stone_pickaxe":2,"minecraft:wooden_axe":1,"minecraft:stone_sword":1,"minecraft:stone_hoe":1,"minecraft:wheat":225},"minecraft:used":{"minecraft:stone_sword":10,"minecraft:stone_pickaxe":133,"minecraft:decorated_pot":2,"minecraft:wooden_pickaxe":59,"minecraft:stone_hoe":50,"minecraft:dirt":2,"minecraft:crafting_table":6,"minecraft:carrot":3,"minecraft:wooden_axe":18,"minecraft:bread":7,"simplyswords:netherite_spear":34,"another_furniture:blue_sofa":2,"minecraft:stone_bricks":1,"minecraft:stone_axe":109,"minecraft:cobblestone":1,"minecraft:egg":2,"minecraft:potato":4,"minecraft:light_gray_bed":1},"minecraft:killed":{"minecraft:pig":1,"minecraft:sheep":3,"minecraft:skeleton":1,"minecraft:zombie":1,"minecraft:chicken":5,"minecraft:cow":1}},"DataVersion":3465}