{"stats":{"minecraft:picked_up":{"minecraft:wooden_axe":1,"minecraft:crafting_table":8,"minecraft:wheat":1,"minecraft:chicken":6,"minecraft:flower_pot":2,"graveyard:dark_iron_ingot":3,"minecraft:brown_mushroom":2,"minecraft:enchanted_book":5,"minecraft:wither_rose":3,"minecraft:potion":1,"minecraft:shield":1,"minecraft:string":5,"minecraft:red_candle":3,"graveyard:corruption":17,"minecraft:deepslate_tiles":3,"minecraft:cobbled_deepslate":15,"minecraft:beef":7,"minecraft:iron_pickaxe":1,"minecraft:light_gray_wool":3,"minecraft:spruce_trapdoor":1,"minecraft:iron_boots":1,"minecraft:egg":3,"minecraft:raw_iron":15,"minecraft:stick":2,"minecraft:copper_ingot":18,"minecraft:oak_fence":4,"minecraft:torch":36,"minecraft:acacia_log":42,"minecraft:porkchop":2,"minecraft:carrot":272,"minecraft:arrow":2,"minecraft:stone_sword":1,"minecraft:rotten_flesh":59,"minecraft:decorated_pot":2,"minecraft:hay_block":25,"minecraft:gold_ingot":2,"minecraft:totem_of_undying":1,"minecraft:mutton":6,"minecraft:glow_berries":1,"minecraft:bone_block":55,"minecraft:skeleton_skull":1,"minecraft:white_wool":2,"minecraft:cobblestone":309,"minecraft:birch_log":8,"graveyard:skull_pile":1,"minecraft:feather":5,"minecraft:andesite":47,"minecraft:leather":2,"minecraft:potato":337,"minecraft:oak_log":23,"graveyard:dark_iron_door":1,"minecraft:yellow_bed":4,"minecraft:gunpowder":14,"minecraft:dirt":27,"minecraft:smooth_sandstone":1,"minecraft:bone":105,"minecraft:acacia_planks":20,"minecraft:stone_bricks":4,"minecraft:wheat_seeds":13,"minecraft:raw_gold":11,"minecraft:iron_ingot":3,"minecraft:stone_pickaxe":1,"minecraft:cobweb":6,"minecraft:oak_planks":11,"minecraft:moss_block":2,"minecraft:iron_sword":1,"minecraft:stone_hoe":1,"minecraft:acacia_sapling":15,"minecraft:book":5,"graveyard:pedestal":1,"minecraft:poisonous_potato":8,"minecraft:amethyst_shard":4,"minecraft:mossy_cobblestone":1,"minecraft:dark_prismarine":20,"minecraft:oak_wood":1,"minecraft:diamond":2,"minecraft:stone_axe":1,"minecraft:iron_helmet":1,"minecraft:granite":5,"minecraft:bone_meal":1,"minecraft:bread":1,"minecraft:dark_oak_wood":1,"minecraft:coal":109,"minecraft:ender_pearl":5},"minecraft:broken":{"minecraft:wooden_pickaxe":1,"minecraft:stone_pickaxe":6,"minecraft:stone_axe":1},"minecraft:killed":{"graveyard:corrupted_vindicator":6,"minecraft:spider":1,"graveyard:wraith":7,"minecraft:skeleton":1,"graveyard:acolyte":1,"friendsandfoes:mauler":1,"minecraft:chicken":6,"minecraft:pig":2,"minecraft:sheep":5,"minecraft:zombie":6,"graveyard:corrupted_pillager":3,"minecraft:cow":3},"minecraft:killed_by":{"graveyard:wraith":1},"minecraft:used":{"minecraft:stone_sword":101,"minecraft:decorated_pot":2,"minecraft:chest":2,"minecraft:shield":1,"minecraft:iron_sword":119,"minecraft:stone_hoe":54,"minecraft:torch":33,"minecraft:dirt":2,"minecraft:carrot":81,"minecraft:wooden_axe":18,"simplyswords:netherite_spear":34,"simplyswords:diamond_cutlass":61,"minecraft:stone_bricks":3,"minecraft:furnace":3,"minecraft:egg":2,"minecraft:potato":86,"minecraft:light_gray_bed":1,"minecraft:stone_pickaxe":918,"minecraft:baked_potato":1,"minecraft:wooden_pickaxe":59,"minecraft:crafting_table":13,"minecraft:dark_prismarine":16,"minecraft:bread":60,"minecraft:iron_pickaxe":49,"another_furniture:blue_sofa":2,"minecraft:stone_axe":182,"minecraft:cobblestone":23,"minecraft:yellow_bed":2,"minecraft:bone_meal":398},"minecraft:mined":{"minecraft:dark_prismarine":13,"minecraft:deepslate_tiles":4,"graveyard:pedestal":1,"minecraft:mossy_cobblestone":1,"minecraft:potted_wither_rose":2,"minecraft:candle":1,"minecraft:cave_vines_plant":1,"minecraft:granite":5,"minecraft:cobbled_deepslate_slab":1,"minecraft:acacia_log":41,"minecraft:grass_block":9,"minecraft:decorated_pot":2,"graveyard:dark_iron_door":1,"minecraft:deepslate_bricks":1,"minecraft:spawner":1,"minecraft:hay_block":25,"minecraft:carrots":76,"minecraft:iron_ore":14,"graveyard:leaning_wither_skeleton":1,"minecraft:andesite":46,"minecraft:potatoes":103,"minecraft:dirt_path":1,"minecraft:deepslate_iron_ore":6,"minecraft:polished_deepslate_slab":1,"minecraft:stone":230,"minecraft:bone_block":58,"minecraft:spruce_slab":1,"minecraft:acacia_leaves":7,"graveyard:light_gray_urn":1,"minecraft:potted_brown_mushroom":2,"graveyard:dark_iron_trapdoor":1,"minecraft:polished_deepslate_stairs":1,"graveyard:small_light_gray_urn":3,"minecraft:oak_fence":4,"minecraft:smooth_sandstone":1,"minecraft:crafting_table":7,"minecraft:torch":1,"minecraft:dark_oak_wood":1,"minecraft:oak_wood":1,"minecraft:potted_warped_roots":1,"minecraft:cobblestone":5,"minecraft:tall_grass":29,"graveyard:skeleton_hand":4,"graveyard:lying_skeleton":4,"minecraft:wall_torch":2,"minecraft:skeleton_skull":1,"graveyard:vase_block":32,"graveyard:skull_with_rib_cage":2,"minecraft:birch_log":7,"minecraft:wheat":1,"graveyard:skull_pile":2,"minecraft:yellow_bed":3,"minecraft:grass":87,"graveyard:creeper_skeleton":2,"minecraft:coal_ore":77,"minecraft:oak_log":23,"minecraft:flower_pot":1,"graveyard:leaning_skeleton":5,"minecraft:dirt":17,"minecraft:cobweb":25,"minecraft:spruce_fence_gate":1,"minecraft:stone_bricks":4,"minecraft:oak_leaves":3,"minecraft:deepslate":9,"minecraft:fern":1},"minecraft:crafted":{"minecraft:oak_planks":32,"minecraft:furnace":3,"minecraft:bone_meal":399,"minecraft:iron_boots":1,"minecraft:stone_pickaxe":8,"minecraft:chest":2,"minecraft:dark_oak_planks":4,"minecraft:stone_hoe":1,"minecraft:wheat":225,"minecraft:crafting_table":6,"minecraft:wooden_pickaxe":1,"minecraft:baked_potato":97,"minecraft:iron_sword":1,"immersive_melodies:lute":1,"minecraft:birch_planks":28,"minecraft:stone_axe":2,"minecraft:bread":76,"minecraft:air":0,"minecraft:light_gray_bed":1,"minecraft:shield":1,"minecraft:stick":40,"minecraft:iron_ingot":8,"minecraft:iron_pickaxe":1,"minecraft:wooden_axe":1,"minecraft:stone_sword":1,"minecraft:torch":40},"minecraft:custom":{"minecraft:interact_with_anvil":1,"minecraft:mob_kills":44,"minecraft:interact_with_crafting_table":33,"minecraft:open_barrel":5,"minecraft:leave_game":12,"minecraft:time_since_death":93445,"minecraft:climb_one_cm":14322,"minecraft:sprint_one_cm":319374,"minecraft:walk_one_cm":650350,"minecraft:damage_blocked_by_shield":35,"minecraft:drop":48,"minecraft:play_noteblock":1,"minecraft:talked_to_villager":1,"minecraft:play_time":208003,"minecraft:deaths":1,"minecraft:sneak_time":6373,"minecraft:walk_under_water_one_cm":1141,"minecraft:interact_with_brewingstand":2,"minecraft:jump":2764,"minecraft:walk_on_water_one_cm":9674,"minecraft:total_world_time":208003,"minecraft:interact_with_furnace":33,"minecraft:tune_noteblock":17,"minecraft:interact_with_loom":3,"minecraft:sleep_in_bed":5,"minecraft:time_since_rest":602,"minecraft:damage_taken":3001,"minecraft:damage_dealt":7679,"minecraft:swim_one_cm":5554,"minecraft:fly_one_cm":496934,"minecraft:open_chest":55,"minecraft:crouch_one_cm":15619,"minecraft:interact_with_smoker":4,"minecraft:fall_one_cm":51627},"minecraft:dropped":{"minecraft:stone_hoe":1,"minecraft:bread":21,"minecraft:iron_sword":1,"minecraft:brown_mushroom":2,"minecraft:moss_block":2,"minecraft:wheat_seeds":3,"minecraft:baked_potato":29,"minecraft:crafting_table":1,"minecraft:poisonous_potato":8,"minecraft:glow_berries":1,"minecraft:cobweb":6,"minecraft:dirt":10,"minecraft:torch":2,"minecraft:bone_meal":2,"minecraft:string":1,"minecraft:acacia_planks":8,"minecraft:wheat":1,"minecraft:rotten_flesh":20,"minecraft:oak_planks":1,"minecraft:deepslate_tiles":3,"minecraft:stone":1,"minecraft:flower_pot":2,"minecraft:spruce_trapdoor":1,"minecraft:andesite":46,"minecraft:stone_bricks":1,"simplyswords:netherite_spear":1,"minecraft:egg":1}},"DataVersion":3465}