{"stats":{"minecraft:dropped":{"minecraft:wheat_seeds":1},"minecraft:picked_up":{"minecraft:coarse_dirt":1,"minecraft:crafting_table":2,"minecraft:chiseled_stone_bricks":1,"minecraft:oak_fence":1,"minecraft:acacia_log":16,"minecraft:white_bed":2,"minecraft:cobblestone_wall":1,"minecraft:string":4,"minecraft:lantern":1,"minecraft:oak_wood":5,"minecraft:white_candle":4,"minecraft:light_gray_bed":1,"minecraft:wheat_seeds":1,"minecraft:hay_block":8,"minecraft:soul_sand":1,"minecraft:skeleton_skull":1,"minecraft:cobblestone":1},"minecraft:mined":{"minecraft:large_fern":2,"minecraft:skeleton_skull":1,"minecraft:hay_block":8,"minecraft:coarse_dirt":1,"minecraft:acacia_leaves":1,"minecraft:white_bed":2,"minecraft:cobblestone_wall":1,"minecraft:soul_sand":2,"minecraft:oak_fence":1,"minecraft:crafting_table":2,"minecraft:grass":2,"minecraft:acacia_log":17,"minecraft:oak_wood":5,"minecraft:light_gray_bed":1,"minecraft:cobweb":4,"minecraft:soul_soil":1,"minecraft:tall_grass":2,"minecraft:cobblestone":1,"minecraft:white_candle":1,"minecraft:oak_leaves":2,"minecraft:fern":1,"minecraft:chiseled_stone_bricks":1},"minecraft:custom":{"minecraft:time_since_rest":8734,"minecraft:sprint_one_cm":10830,"minecraft:walk_one_cm":35610,"minecraft:drop":1,"minecraft:interact_with_crafting_table":5,"minecraft:fly_one_cm":8011,"minecraft:open_chest":5,"minecraft:play_time":19084,"minecraft:jump":55,"minecraft:leave_game":1,"minecraft:time_since_death":19084,"minecraft:sleep_in_bed":1,"minecraft:total_world_time":19084,"minecraft:interact_with_smoker":1,"minecraft:fall_one_cm":418},"minecraft:crafted":{"minecraft:wooden_sword":1,"minecraft:oak_planks":8,"minecraft:wooden_hoe":1,"minecraft:crafting_table":1,"minecraft:stick":8,"minecraft:wooden_pickaxe":1,"minecraft:wooden_axe":1,"minecraft:acacia_planks":64},"minecraft:used":{"minecraft:wooden_axe":52,"minecraft:wooden_hoe":20,"minecraft:wooden_pickaxe":14,"minecraft:wooden_sword":14,"minecraft:crafting_table":3,"minecraft:white_bed":1}},"DataVersion":3465}