{"stats":{"minecraft:dropped":{"minecraft:enchanted_book":1,"minecraft:iron_sword":1,"minecraft:brown_mushroom":1,"minecraft:candle":6,"minecraft:wheat_seeds":3,"minecraft:oak_fence":1,"minecraft:cobblestone":2,"minecraft:cobweb":5,"graveyard:fire_brazier":1,"minecraft:bone_meal":8,"minecraft:string":1,"minecraft:acacia_planks":12,"minecraft:bone":2,"minecraft:zombie_spawn_egg":1,"minecraft:stone_sword":1,"minecraft:cobblestone_wall":1,"minecraft:polished_deepslate_slab":1,"minecraft:iron_boots":1,"minecraft:name_tag":2,"minecraft:pumpkin_seeds":2,"minecraft:potato":2,"minecraft:stone":1,"minecraft:deepslate_tiles":6,"minecraft:red_candle":3,"minecraft:spruce_trapdoor":2,"minecraft:light_gray_bed":1,"graveyard:light_gray_urn":1},"minecraft:picked_up":{"minecraft:crafting_table":3,"minecraft:coarse_dirt":2,"minecraft:wheat":14,"minecraft:flower_pot":2,"minecraft:leather_leggings":1,"minecraft:brown_mushroom":1,"graveyard:light_gray_urn":1,"minecraft:oak_stairs":3,"minecraft:enchanted_book":1,"minecraft:amethyst_block":1,"minecraft:string":72,"immersive_melodies:lute":1,"minecraft:red_candle":3,"graveyard:corruption":12,"minecraft:deepslate_tiles":6,"minecraft:candle":9,"minecraft:cobbled_deepslate":21,"minecraft:spruce_slab":1,"minecraft:spruce_trapdoor":2,"minecraft:iron_boots":1,"minecraft:raw_iron":12,"minecraft:polished_deepslate_slab":3,"minecraft:stone":2,"minecraft:oak_fence":1,"minecraft:torch":6,"minecraft:acacia_log":16,"graveyard:dark_iron_trapdoor":2,"minecraft:zombie_spawn_egg":2,"minecraft:light_gray_bed":2,"minecraft:rotten_flesh":2,"minecraft:deepslate_bricks":2,"minecraft:hay_block":8,"minecraft:glow_berries":2,"minecraft:bone_block":70,"minecraft:skeleton_skull":3,"minecraft:cobblestone":109,"minecraft:birch_log":4,"minecraft:lilac":2,"minecraft:andesite":4,"minecraft:black_bed":2,"minecraft:leather":2,"minecraft:potato":110,"minecraft:oak_log":20,"minecraft:cobblestone_wall":1,"minecraft:lantern":1,"minecraft:name_tag":2,"minecraft:leather_boots":1,"minecraft:bone":37,"minecraft:acacia_planks":3,"minecraft:wheat_seeds":44,"adventurez:raw_venison":3,"minecraft:cobbled_deepslate_slab":2,"minecraft:stone_pickaxe":1,"minecraft:cobweb":5,"minecraft:iron_sword":2,"minecraft:soul_sand":1,"minecraft:book":99,"graveyard:fire_brazier":1,"minecraft:chiseled_stone_bricks":1,"minecraft:gravel":9,"minecraft:amethyst_shard":23,"minecraft:white_bed":2,"minecraft:spider_eye":1,"minecraft:dark_prismarine":2,"minecraft:oak_wood":7,"minecraft:white_candle":4,"minecraft:pumpkin_seeds":2,"minecraft:granite":57,"minecraft:bread":20,"minecraft:spruce_sign":1,"minecraft:emerald":7,"minecraft:baked_potato":29,"minecraft:melon_seeds":3,"minecraft:coal":16},"minecraft:mined":{"minecraft:deepslate_tiles":1,"minecraft:dark_prismarine":8,"minecraft:white_bed":2,"minecraft:candle":1,"minecraft:spruce_trapdoor":2,"minecraft:granite":57,"minecraft:cobbled_deepslate_slab":1,"minecraft:acacia_log":17,"minecraft:grass_block":1,"minecraft:light_gray_bed":2,"graveyard:dark_iron_door":1,"minecraft:deepslate_bricks":1,"minecraft:soul_soil":1,"minecraft:chiseled_stone_bricks":1,"minecraft:spawner":2,"minecraft:large_fern":2,"minecraft:hay_block":8,"graveyard:wither_skull_with_rib_cage":1,"minecraft:iron_ore":7,"graveyard:leaning_wither_skeleton":1,"minecraft:andesite":4,"minecraft:bookshelf":34,"minecraft:potatoes":24,"minecraft:polished_deepslate_slab":2,"minecraft:oak_stairs":3,"minecraft:stone":107,"minecraft:bone_block":70,"minecraft:acacia_leaves":1,"minecraft:soul_sand":2,"minecraft:melon_stem":1,"graveyard:dark_iron_trapdoor":1,"graveyard:fire_brazier":1,"minecraft:oak_fence":1,"minecraft:crafting_table":4,"minecraft:torch":2,"minecraft:oak_wood":7,"minecraft:lectern":1,"graveyard:skeleton_hand":1,"minecraft:cobblestone":14,"minecraft:tall_grass":7,"minecraft:white_candle":1,"minecraft:wall_torch":1,"minecraft:amethyst_block":1,"minecraft:skeleton_skull":2,"minecraft:red_candle":1,"minecraft:coarse_dirt":2,"graveyard:vase_block":3,"minecraft:cobblestone_wall":1,"minecraft:birch_log":5,"minecraft:wheat":14,"minecraft:lilac":4,"minecraft:black_bed":2,"minecraft:grass":14,"graveyard:creeper_skeleton":2,"minecraft:coal_ore":15,"minecraft:oak_log":21,"minecraft:gravel":9,"minecraft:dirt":1,"minecraft:cobweb":75,"minecraft:acacia_planks":3,"minecraft:stone_bricks":2,"minecraft:mossy_stone_bricks":1,"minecraft:oak_leaves":2,"minecraft:deepslate":21,"minecraft:fern":2},"minecraft:broken":{"minecraft:stone_pickaxe":4,"minecraft:iron_sword":1,"minecraft:wooden_axe":2},"minecraft:custom":{"minecraft:interact_with_anvil":1,"minecraft:mob_kills":42,"minecraft:interact_with_crafting_table":33,"minecraft:open_barrel":6,"minecraft:bell_ring":1,"minecraft:leave_game":4,"minecraft:time_since_death":168847,"minecraft:climb_one_cm":9962,"minecraft:sprint_one_cm":159463,"minecraft:walk_one_cm":560183,"minecraft:damage_blocked_by_shield":43,"minecraft:drop":38,"minecraft:play_time":168847,"minecraft:sneak_time":559,"minecraft:walk_under_water_one_cm":690,"minecraft:interact_with_brewingstand":3,"minecraft:jump":1259,"minecraft:interact_with_blast_furnace":1,"minecraft:walk_on_water_one_cm":9918,"minecraft:total_world_time":168847,"minecraft:interact_with_furnace":24,"minecraft:tune_noteblock":6,"minecraft:interact_with_loom":4,"minecraft:sleep_in_bed":2,"minecraft:time_since_rest":131333,"minecraft:damage_taken":2144,"minecraft:damage_dealt":9007,"minecraft:swim_one_cm":4650,"minecraft:fly_one_cm":232686,"minecraft:open_chest":38,"minecraft:crouch_one_cm":1266,"minecraft:interact_with_smoker":8,"minecraft:fall_one_cm":21495},"minecraft:crafted":{"minecraft:wooden_sword":1,"minecraft:oak_planks":100,"minecraft:furnace":2,"graveyard:dark_iron_ingot":9,"minecraft:bone_meal":96,"minecraft:stone_pickaxe":7,"minecraft:chest":4,"minecraft:stone_hoe":1,"minecraft:wheat":72,"minecraft:crafting_table":5,"minecraft:wooden_pickaxe":2,"minecraft:baked_potato":45,"minecraft:iron_sword":1,"minecraft:stone_axe":2,"minecraft:air":0,"minecraft:bread":21,"minecraft:iron_chestplate":1,"minecraft:wooden_hoe":1,"minecraft:shield":1,"adventurez:ender_flute":1,"minecraft:stick":40,"minecraft:iron_ingot":16,"minecraft:iron_pickaxe":1,"minecraft:wooden_axe":2,"minecraft:stone_sword":1,"minecraft:acacia_planks":64},"minecraft:used":{"minecraft:stone_sword":64,"minecraft:chest":4,"minecraft:shield":2,"minecraft:iron_sword":198,"minecraft:stone_hoe":27,"minecraft:rotten_flesh":2,"minecraft:iron_chestplate":1,"minecraft:torch":3,"minecraft:granite":25,"minecraft:wooden_axe":128,"minecraft:oak_stairs":1,"minecraft:melon_seeds":3,"minecraft:furnace":2,"minecraft:potato":37,"minecraft:acacia_planks":16,"minecraft:light_gray_bed":1,"minecraft:stone_pickaxe":605,"minecraft:baked_potato":3,"minecraft:wooden_pickaxe":40,"simplyswords:diamond_halberd":67,"minecraft:glow_berries":2,"minecraft:crafting_table":8,"minecraft:white_bed":1,"minecraft:black_bed":2,"minecraft:wooden_hoe":54,"minecraft:bread":41,"minecraft:iron_pickaxe":25,"minecraft:stone_axe":87,"minecraft:wooden_sword":29,"minecraft:cobblestone":1,"minecraft:bone_meal":81},"minecraft:killed":{"graveyard:corrupted_vindicator":9,"minecraft:spider":1,"graveyard:wraith":18,"minecraft:skeleton":1,"graveyard:acolyte":1,"adventurez:deer":1,"minecraft:zombie":8,"graveyard:corrupted_pillager":3}},"DataVersion":3465}